QUESTION,A,B,C,D,
Bá»™ phim ca nháº¡c cÃ³ tÃªn EVITA do diá»…n viÃªn nÃ o Ä‘Ã³ng vai ná»¯ chÃ­nh?,Madona,Jessica,Kim Tae Ri,Angelina Jolie,
ThÃ nh pháº§n hoÃ¡ há»c chá»§ yáº¿u cá»§a tro báº¿p lÃ  nguyÃªn tá»‘ nÃ o?,Kali,Canxi,Flo,Natri,
"Hiá»‡n FireGroup cÃ³ bao nhiÃªu app Ä‘áº¡t ""Build for Shopify?""",4,3,5,6,
Thá»i háº¡n sá»­ dá»¥ng Shopify miá»…n phÃ­ lÃ ?,3 ngÃ y,7 ngÃ y,14 ngÃ y,30 ngÃ y,
ÄÃ¢u lÃ  Ä‘Æ¡n vá»‹ phÃ¢n loáº¡i hÃ ng hÃ³a tá»“n kho hay cÃ²n gá»i Ä‘Æ¡n giáº£n lÃ  mÃ£ hÃ ng hÃ³a?,SKU,FBI,PDF,EXP, 
Tá»• chá»©c thÆ°Æ¡ng máº¡i Tháº¿ giá»›i viáº¿t táº¯t lÃ  gÃ¬?,WTO,WHO,ICO,CIA,
Tiktok lÃ  ná»n táº£ng gÃ¬?,Social Media Platform,On-demand Service Platform,E-commerce Platform,Content-sharing Platform,
"NhÃ  Nam cÃ³ 4 anh chá»‹ em, 3 ngÆ°á»i lá»›n tÃªn lÃ  XuÃ¢n, Háº¡, Thu. Äá»‘ báº¡n ngÆ°á»i em Ãºt tÃªn gÃ¬?",Nam,ÄÃ´ng,TÃ¢y,Sang,
How many numbers between 10 and 100 are divisible by 5?,19,18,17,20,
"Trong â€œTruyá»‡n Kiá»uâ€, khi gáº·p ThÃºy Kiá»u thÃ¬ Kim Trá»ng Ä‘Ã£ trao cho ThÃºy Kiá»u cÃ¡i gÃ¬?",khÄƒn há»“ng,dáº£i lá»¥a tÃ­m,trÃ¢m cÃ i tÃ³c,cÃ¡i cÃ¹i chá»,
MÃ´n thá»ƒ thao nÃ o Ä‘Æ°á»£c chÆ¡i vá»›i quáº£ bÃ³ng nÃ y?  <bong-chay.webp>,bÃ³ng chÃ y,quáº§n vá»£t,golf,bÃ³ng quáº§n,
CÃ¡i gÃ¬ cÃ³ thÃ nh pháº§n tÆ°Æ¡ng tá»± vá»›i nhau?,tÃ³c vÃ  mÃ³ng tay,tÃ³c vÃ  rÄƒng,mÃ³ng tay vÃ  rÄƒng,"tÃ³c, mÃ³ng tay vÃ  rÄƒng",
Tá»« nÃ o sau Ä‘Ã¢y viáº¿t Ä‘Ãºng chÃ­nh táº£ Tiáº¿ng Viá»‡t?,tráº±n trá»c,tráº±n chá»c,cháº±n trá»c,cháº±n chá»c,
The deepest ocean in the world is __________.,Pacific Ocean,Atlantic Ocean,Indian Ocean,Arctic Ocean,
GÃ³i Youtube Premium á»Ÿ Viá»‡t Nam cÃ³ giÃ¡ bao nhiÃªu/thÃ¡ng?,105K,100K,150K,510K,
Beethoven sinh ra á»Ÿ nÆ°á»›c nÃ o?,Äá»©c,PhÃ¡p,Anh,Má»¹,
Pháº£i nhÃ¢n 9 vá»›i sá»‘ nÃ o Ä‘á»ƒ Ä‘Æ°á»£c káº¿t quáº£ lÃ  má»™t sá»‘ cÃ³ 9 chá»¯ sá»‘ 1?,12345679,12345678,12345677,12345687,
CÃ³ 6 Ä‘á»™i bÃ³ng Ä‘Ã¡ tham gia thi Ä‘áº¥u vÃ²ng trÃ²n (tá»©c lÃ  má»—i Ä‘á»™i Ä‘á»u Ä‘áº¥u vá»›i 5 Ä‘á»™i cÃ²n láº¡i). Há»i cÃ³ táº¥t cáº£ bao nhiÃªu tráº­n bÃ³ng?,15,14,16,17,
"Trong cÃ¡c tá»‰nh sau, tá»‰nh nÃ o lÃ  khÃ´ng cÃ³ bá» biá»ƒn cháº¡y qua?",Háº£i DÆ°Æ¡ng,ThÃ¡i BÃ¬nh,Nam Äá»‹nh,Quáº£ng Ninh,
"Trong giáº£i thi Ä‘áº¥u ná»™i bá»™ FireGroup Sports Festival 2023, cÃ³ bao nhiÃªu bá»™ mÃ´n Ä‘Æ°á»£c tá»• chá»©c?",5,4,3,2,
"TÃ­nh Ä‘áº¿n 04.2024, Firer ná»¯ Ä‘ang chiáº¿m bao nhiÃªu % trong tá»•ng sá»‘ nhÃ¢n viÃªn?",39%,29%,49%,59%,
Sinh nháº­t OneMobile lÃ  ngÃ y nÃ o?,4.4.2023,4.4.2022,1.4.2023,1.4.2022,
Sinh nháº­t ManySales lÃ  ngÃ y nÃ o?,11.11.2019,12.11.2000,11.12.2020,1.11.2021,
Khá»‘i Socialhead vÃ  PostCount chÃ­nh thá»©c sÃ¡p nháº­p thÃ nh khá»‘i Compass vÃ o ngÃ y nÃ o?,6.9.2023,6.9.2022,9.6.2023,9.6.2022,
Feedhub lÃ  nhÃ¢n diá»‡n thÆ°Æ¡ng hiá»‡u má»›i cá»§a giáº£i phÃ¡p nÃ o trÆ°á»›c Ä‘Ã¢y?,Socialshop,Socialwidget,OnePixel,Ali Orders,
FireGroup Ä‘ang sá»­ dá»¥ng gÃ³i báº£o hiá»ƒm sá»©c khoáº» cao cáº¥p cá»§a Ä‘Æ¡n vá»‹ nÃ o?,MIC,Báº£o Viá»‡t,PVI,JioHealth,
"Theo lá»i há»©a tá»« Ã´ng giÃ  Noel, OKR Doanh thu QuÃ½ 2 Ä‘áº¡t bao nhiÃªu % thÃ¬ chÃºng ta sáº½ Ä‘Æ°á»£c vi vu HÃ n Quá»‘c",100%,95%,90%,80%,
"Chuyáº¿n Company Trip T7. 2023, Firer Ä‘Ã£ vui chÆ¡i táº¡i Ä‘á»‹a Ä‘iá»ƒm nÃ o?",ÄÃ  Láº¡t,PhÃº Quá»‘c,Nha Trang,KhÃ´ng cÃ³ Ä‘Ã¡p Ã¡n Ä‘Ãºng,
"TÃ­nh tá»›i thá»i Ä‘iá»ƒm Q1.2024, OneMobile náº±m trong Top bao nhiÃªu trong category ""Mobile App Builder""?",Top 1,Top 2,Top 3,Top 5,
"Hiá»‡n nay, FireGroup Ä‘ang cÃ³ bao nhiÃªu CLB chÃ­nh thá»©c?",5,4,3,2,
Sinh nháº­t FireGroup lÃ  ngÃ y nÃ o?,11.11,1.11,1.1,Cáº£ 3 Ä‘Ã¡p Ã¡n Ä‘á»u sai,
"ChÃºng ta Ä‘Ã£ thay Ä‘á»•i tÃªn cÃ´ng ty, thÆ°Æ¡ng hiá»‡u tá»« FireApps thÃ nh FireGroup vÃ o nÄƒm nÃ o?",2020,2019,2018,2021,
ÄÃ¢u lÃ  Objective Ä‘Ãºng trong bá»™ OKR Company Level nÄƒm 2024?,NuÃ´i dÆ°á»¡ng ná»n VÄƒn hÃ³a FireGroup nÆ¡i má»i nhÃ¢n viÃªn sá»‘ng vÃ  thá»ƒ hiá»‡n cÃ¡c giÃ¡ trá»‹ cá»‘t lÃµi cá»§a FireGroup,NÃ¢ng cao nháº­n thá»©c vÃ  hiá»ƒu biáº¿t cho toÃ n bá»™ nhÃ¢n viÃªn vá» FireGroup Culture,NhÃ¢n viÃªn hiá»ƒu rÃµ vá» VÄƒn hÃ³a cá»§a FireGroup,HoÃ n táº¥t lá»™ trÃ¬nh Ä‘Ã o táº¡o Core Values cho toÃ n bá»™ nhÃ¢n viÃªn,
Ão Ä‘á»“ng phá»¥c FireGroup cÃ³ nhá»¯ng mÃ u gÃ¬?,Äá» - Xanh - Tráº¯ng,Äá» - Xanh - VÃ ng,Äá» - Xanh,Äá» - Tráº¯ng,
"Má»™t Ä‘á»“ng xu Ä‘Ã£ Ä‘Æ°á»£c tung lÃªn 12 láº§n, vá»›i 9 láº§n xuáº¥t hiá»‡n máº·t ngá»­a, trong láº§n tiáº¿p theo, báº¡n dá»± Ä‘oÃ¡n tá»‰ lá»‡ xuáº¥t hiá»‡n máº·t ngá»­a sáº½:",50-50,Lá»›n hÆ¡n 50%,Nhá» hÆ¡n 50%,KhÃ´ng xÃ¡c Ä‘á»‹nh,
Giá»— Tá»• HÃ¹ng VÆ°Æ¡ng ngÃ y 10-3 Ã¢m lá»‹ch hÃ ng nÄƒm Ä‘Æ°á»£c chÃ­nh thá»©c hÃ³a báº±ng luáº­t phÃ¡p vÃ o thá»i gian nÃ o?,NÄƒm Kháº£i Äá»‹nh thá»© 2 (1917),Sau cÃ¡ch máº¡ng thÃ¡ng tÃ¡m (1945),Äá»i vua LÃª ThÃ¡nh TÃ´ng (1940),Äá»i vua LÃª KÃ­nh TÃ´ng (1605),
"CÃ¢u chuyá»‡n nÃ o khÃ´ng liÃªn quan Ä‘áº¿n thá»i kÃ¬ vua HÃ¹ng?
","Sá»± tÃ­ch cÃ¢y kháº¿, CÃ¢y tre trÄƒm Ä‘á»‘t",ThÃ¡nh giÃ³ng SÆ¡n Tinh Thuá»· Tinh,BÃ¡nh chÆ°ng BÃ¡nh dÃ y,Sá»± tÃ­ch dÆ°a háº¥u,
TÃ­n ngÆ°á»¡ng thá» cÃºng HÃ¹ng VÆ°Æ¡ng á»Ÿ PhÃº Thá» Ä‘Æ°á»£c tá»• chá»©c UNESCO cÃ´ng nháº­n lÃ  di sáº£n vÄƒn hÃ³a phi váº­t thá»ƒ Ä‘áº¡i diá»‡n cá»§a nhÃ¢n loáº¡i khi nÃ o?,06.12.2012,06.12.2011,06.12.2009,06.12.2013,
What sport is the king of sports?,Football,Basketball,Volleyball,Tenis,
"HÃ£y tÃ¬m Ã½ nghÄ©a cá»§a dÃ£y sá»‘ sau:
20-5-1-13-23-15-18",Teamwork,Creative,Culture,Powerful,
"HÃ£y tÃ¬m Ã½ nghÄ©a cá»§a dÃ£y sá»‘ sau:
22-1-23-14    8-15-1-19",VÄƒn HÃ³a,GÃ­a trá»‹ cá»‘t lÃµi,Core Values,Culture,
"TÃ¬m tá»« Ä‘Ãºng cá»§a ""XFITMAR"" theo gá»£i Ã½ sau:<bee.webp>",Empathy,Excited,Growth,Culture,
"TÃ¬m máº­t thÆ° theo gá»£i Ã½ sau:
BÆ°á»›c ra má»™t bÆ°á»›c má»™t dá»«ng
TrÃ´ng xa nÃ ng Ä‘Ã£ tá» chá»«ng náº»o xa

TÃ¬m Ä‘Ã¡p Ã¡n cho cá»¥m sau: DTDROAOLFANNG DBDAOQOAJHI",Äá»“ng Ä‘á»™i,Trao quyá»n,Háº¡nh phÃºc,Äá»“ng hÃ nh,
NgÃ´n ngá»¯ láº­p trÃ¬nh nÃ o Ä‘Æ°á»£c sá»­ dá»¥ng phá»• biáº¿n nháº¥t cho phÃ¡t triá»ƒn á»©ng dá»¥ng di Ä‘á»™ng?,Java,Golang,C++,Kotlin,
"Giaá»‰ phÃ¡p nÃ o sau Ä‘Ã¢y Ä‘Ã£ Ä‘áº¡t chá»©ng nháº­n ""Built for Shopify""",Zopi,Omnisell,Feedhub,Ali Hunter,
Loáº¡i táº¥n cÃ´ng nÃ o dÆ°á»›i Ä‘Ã¢y khÃ´ng pháº£i lÃ  má»™t loáº¡i táº¥n cÃ´ng pháº§n má»m Ä‘á»™c háº¡i?,DOS Attack,Ransomware,Phishing, SQL Injection,
"Trong Town Hall Q1 vá»«a qua, BOD Ä‘Ã£ hÃ© lá»™ thÃ´ng tin bá»™ core values má»›i cá»§a FireGroup sáº½ cÃ³ bao nhiÃªu core values?",7,4,5,6,
Nhá»¯ng hÃ nh vi nÃ o dÆ°á»›i Ä‘Ã¢y lÃ  biá»ƒu hiá»‡n cho tinh tháº§n can Ä‘áº£m,Táº¥t cáº£ Ä‘á»u Ä‘Ãºng,"DÃ¡m bÆ°á»›c ra khá»i vÃ¹ng an toÃ n, chá»n Ä‘Æ°á»ng khÃ³ mÃ  Ä‘i.",DÃ¡m Ä‘Æ°a ra nhá»¯ng quyáº¿t Ä‘á»‹nh khÃ³ khÄƒn vÃ  kiÃªn Ä‘á»‹nh vá»›i niá»m tin cá»§a mÃ¬nh.,"DÃ¡m Ä‘á»‘i máº·t vá»›i tháº¥t báº¡i. Phá»§i bá»¥i, Ä‘á»©ng lÃªn vÃ  bÆ°á»›c tiáº¿p.",
"Äiá»n tá»« thÃ­ch há»£p vÃ o chá»— trá»‘ng: ""Ai Ä‘Ã³ sáº½ Ä‘áº¿n vÃ  thay Ä‘á»•i toÃ n bá»™ cÃ¡ch tháº¿ giá»›i biáº¿t vá» e-Commerce. CÃ³ thá»ƒ lÃ  má»™t táº­p Ä‘oÃ n Ä‘a quá»‘c gia vá»›i hÃ ng triá»‡u Ä‘Ã´ la vá»‘n Ä‘áº§u tÆ°. Hoáº·c cÃ³ thá»ƒ lÃ  _______.""",ChÃºng ta - FireGroup,Elon Musk,ThiÃªn tÃ i nÃ o Ä‘Ã³ tá»« Israel,Tháº¿ há»‡ Robot AI má»›i,
Tháº¿ nÃ o lÃ  sÃ¡ng táº¡o?,"NhÃ¬n váº¥n Ä‘á» tá»« má»™t gÃ³c Ä‘á»™
khÃ¡c Ä‘á»ƒ lÃ m tá»‘t hÆ¡n nhá»¯ng viá»‡c ta Ä‘ang lÃ m, thay vÃ¬ bá»‹
giá»›i háº¡n bá»Ÿi cÃ¡ch nghÄ©, cÃ¡ch lÃ m cÅ©.",Láº·p Ä‘i láº·p láº¡i tá»›i má»©c thuáº§n thá»¥c,Can Ä‘áº£m lÃ m nhá»¯ng Ä‘iá»u khÃ´ng thá»ƒ,LÃ m theo hÆ°á»›ng dáº«n,
"Trong bá»™ ""Why & How"" cá»§a cÃ´ng ty Ä‘Æ°á»£c anh Khoa cÃ´ng bá»‘ trong sá»± kiá»‡n Sinh Nháº­t láº§n thá»© 7 vá»«a qua, FireGroup Ä‘áº¡t trá»ng tÃ¢m phÃ¡t triá»ƒn con ngÆ°á»i á»Ÿ cÃ¡c khia cáº¡nh nÃ o?",Táº¥t cáº£ Ä‘á»u Ä‘Ãºng,ChuyÃªn mÃ´n,Thá»ƒ cháº¥t,TÆ° duy,
Chá»‰ cáº§n má»—i ngÃ y báº¡n tá»‘t hÆ¡n chÃ­nh mÃ¬nh 1% thÃ¬ sau 365 ngÃ y báº¡n sáº½ tá»‘t hÆ¡n chÃ­nh mÃ¬nh gáº¥p bao nhiÃªu láº§n? ,37.8 láº§n,0.03 láº§n,38.7 láº§n,365 láº§n,
CÃ¡c biá»ƒu hiá»‡n nÃ o dÆ°á»›i Ä‘Ã¢y thá»ƒ hiá»‡n tinh tháº§n lÃ m chá»§?,Táº¥t cáº£ Ä‘á»u Ä‘Ãºng,"Thay vÃ¬ â€œchá» task Ä‘áº¿nâ€, chÃºng ta chá»§ Ä‘á»™ng tÃ¬m kiáº¿m cÆ¡ há»™i má»›i, Ä‘á» xuáº¥t Ã½ tÆ°á»Ÿng
cáº£i tiáº¿n vÃ  giáº£i quyáº¿t váº¥n Ä‘á» má»™t cÃ¡ch hiá»‡u quáº£.","Thay vÃ¬ chá»‰ quan tÃ¢m Ä‘áº¿n tráº¡ng thÃ¡i â€œdone taskâ€, chÃºng ta chá»‹u trÃ¡ch nhiá»‡m Ä‘áº¿n
cÃ¹ng vá»›i cháº¥t lÆ°á»£ng sáº£n pháº©m.","ChÃºng ta cá»‘ gáº¯ng lÃ m Ä‘iá»u tá»‘t nháº¥t cho táº­p thá»ƒ. ÄÃ´i khi viá»‡c Ä‘Ã³ nghÄ©a lÃ  táº¡m
quÃªn Ä‘i quy trÃ¬nh Ä‘á»ƒ táº­p trung vÃ o Ä‘iá»u thá»±c sá»± quan trá»ng: Má»¥c tiÃªu chung.",
"Äiá»n tá»« thÃ­ch há»£p vÃ o chá»— trá»‘ng: ""______ lÃ  Ä‘á»™ng lá»±c lá»›n nháº¥t cá»§a con ngÆ°á»i. NÃ³ phÆ¡i bÃ y ra pháº§n tá»‘t Ä‘áº¹p nháº¥t trong má»—i chÃºng ta. Niá»m tin nÃ y khiáº¿n má»i thá»© cÃ²n láº¡i tháº­t dá»… dÃ ng.â€",LÃ²ng tin (Trust),Sá»± sÃ¡ng táº¡o,Äá»“ng Ä‘á»™i,Tinh tháº§n lÃ m chá»§,
Nhá»¯ng hÃ nh vi nÃ o dÆ°á»›i Ä‘Ã¢y lÃ  biá»ƒu hiá»‡n cho sá»± Ä‘á»“ng cáº£m,Táº¥t cáº£ Ä‘á»u Ä‘Ãºng,Äáº·t mÃ¬nh vÃ o vá»‹ trÃ­ cá»§a Ä‘á»‘i phÆ°Æ¡ng,"Quan tÃ¢m tá»›i cáº£m nháº­n vÃ  suy nghÄ© cá»§a ngÆ°á»i khÃ¡c, thá»±c tÃ¢m láº¯ng nghe mÃ  khÃ´ng phÃ¡n xÃ©t","NhÃ¬n tá»« gÃ³c nhÃ¬n cá»§a má»—i khÃ¡ch hÃ ng, cáº£m nháº­n ná»—i Ä‘au vÃ  nhu cáº§u cá»§a há»",
â€œYou can't really understand another person's experience until you've walked a mile in their shoes.â€ CÃ¢u nÃ³i trÃªn biá»ƒu Ä‘áº¡t Ã½ nghÄ©a cá»§a tá»« nÃ o dÆ°á»›i Ä‘Ã¢y:,Äá»“ng cáº£m,ThÆ°Æ¡ng háº¡i,Quan tÃ¢m,Äá»“ng lÃ²ng,
"Nhá»¯ng phÃ¡t biá»ƒu nÃ o dÆ°á»›i Ä‘Ã¢y vá» ""Teamwork"" lÃ  Ä‘Ãºng",Táº¥t cáº£ Ä‘á»u Ä‘Ãºng,"Teamwork lÃ  bÃ­ quyáº¿t Ä‘á»ƒ má»™t nhÃ³m ngÆ°á»i bÃ¬nh thÆ°á»ng Ä‘áº¡t Ä‘Æ°á»£c
káº¿t quáº£ phi thÆ°á»ng.","Teamwork lÃ  cá»™ng hÆ°á»Ÿng sá»©c máº¡nh, lÃ  káº¿t quáº£ cá»§a phÃ©p nhÃ¢n chá»© khÃ´ng pháº£i phÃ©p cá»™ng",Teamwork lÃ  sáºµn sÃ ng Ä‘i ngÆ°á»£c dÃ²ng vÃ¬ mong muá»‘n quan tÃ¢m vÃ  lÃ m tá»‘t nháº¥t viá»‡c cá»§a â€œchÃºng taâ€,
"Minh 4 tuá»•i, tuá»•i anh Minh gáº¥p 3 láº§n tuá»•i Minh. Khi anh Minh bao nhiÃªu tuá»•i thÃ¬ tuá»•i anh Minh chá»‰ cÃ²n gáº¥p Ä‘Ã´i tuá»•i Minh?",16,20,14,18,
"Sá»‘ tiáº¿p theo cá»§a dÃ£y 19, 28, 37, 46, ... lÃ  sá»‘ nÃ o?",55,79,67,49,
6 con cÃ¡o Äƒn thá»‹t 6 con gÃ  trong vÃ²ng 6 phÃºt. Váº­y pháº£i bao nhiÃªu con cÃ¡o má»›i cÃ³ thá»ƒ Äƒn háº¿t 60 con gÃ  trong vÃ²ng 1 giá».,6,12,10,60,
Thá»© tá»± Ä‘Ãºng cá»§a cÃ¡c hÃ nh tinh trong há»‡ máº·t trá»i tÃ­nh tá»« hÃ nh tinh gáº§n máº·t trá»i nháº¥t lÃ ?,"Sao Thá»§y, Sao Kim, TrÃ¡i Äáº¥t, Sao Há»a, Sao Má»™c, Sao Thá»•, Sao ThiÃªn VÆ°Æ¡ng, Sao Háº£i VÆ°Æ¡ng","Sao Kim, Sao Thá»§y, TrÃ¡i Äáº¥t, Sao Má»™c, Sao Há»a, Sao Thá»•, Sao ThiÃªn VÆ°Æ¡ng, Sao Háº£i VÆ°Æ¡ng","Sao Kim, Sao Thá»§y, TrÃ¡i Äáº¥t, Sao Há»a, Sao Má»™c, Sao Thá»•, Sao Háº£i VÆ°Æ¡ng, Sao ThiÃªn VÆ°Æ¡ng","Sao Thá»§y, Sao Kim, TrÃ¡i Äáº¥t, Sao Má»™c, Sao Há»a, Sao Thá»•, Sao Háº£i VÆ°Æ¡ng, Sao ThiÃªn VÆ°Æ¡ng",
KÃ½ tá»± tiáº¿p theo trong dÃ£y sau Ä‘Ã¢y lÃ  kÃ½ tá»± nÃ o: Aâ€¦Câ€¦Fâ€¦Jâ€¦Oâ€¦?,U,S,T,V,
Náº¿u 5y â€“ 3x = 7 vÃ  6y + 6x = 2 thÃ¬ giÃ¡ trá»‹ cá»§a y lÃ ?,1,2,3,4,
HÆ°Æ¡ng ra khá»i nhÃ  vá»›i 90.000 Ä‘á»“ng trong tÃºi. cÃ´ chi tiÃªu háº¿t 1/3 sá»‘ tiá»n á»Ÿ siÃªu thá»‹ vÃ  tiáº¿p tá»¥c chi 1/3 sá»‘ tiá»n cÃ²n láº¡i á»Ÿ nhÃ  thuá»‘c. Náº¿u HÆ°Æ¡ng khÃ´ng chi thÃªm khoáº£n nÃ o khÃ¡c thÃ¬ khi vá» nhÃ  trong tÃºi cÃ´ cÃ²n bao nhiÃªu tiá»n?,40K,20K,30K,50K,
Tráº£ lá»i cÃ¢u há»i sau Ä‘Ã¢y: <pizza.webp>,10,15,8,10,
Tráº£ lá»i cÃ¢u há»i sau Ä‘Ã¢y: <circle.webp>,D,B,A hoáº·c F,C hoáº·c E,
Shopify Summer Edition 2023 release vÃ o mÃ¹a nÃ o?,Thu,Háº¡,XuÃ¢n,ÄÃ´ng,
Shopify Winter Edition 2023 release vÃ o mÃ¹a nÃ o?,XuÃ¢n,Háº¡,Thu,ÄÃ´ng,
"Chá»¯ ""Ali"" trong AliReviews xuáº¥t phÃ¡t tá»«?",AliExpress,AliOrders,Alibaba,AliHunter,
"Chá»¯ ""Ali"" trong AliHunter xuáº¥t phÃ¡t tá»«?",AliExpress,AliReviews,AliOrders,Alibaba,
TÃ­nh nÄƒng viáº¿t ná»™i dung sáº£n pháº©m báº±ng AI cá»§a Shopify tÃªn lÃ  gÃ¬?,Shopify Magic,Shopify AI,Shopify Assistant,AI Assistant,
Temu cÃ³ thá»ƒ giao hÃ ng Ä‘áº¿n nhá»¯ng quá»‘c gia nÃ o?,Má»¹,Viá»‡t Nam,Trung Quá»‘c,Táº¥t cáº£ Ä‘Ã¡p Ã¡n trÃªn,
TÃªn ban Ä‘áº§u cá»§a Shopify lÃ  gÃ¬?,Shopify,Spotify,Woocommerce,Shopi,
"GiÃ¡ cá»§a gÃ³i Shopify ""Basic"" lÃ  bao nhiÃªu?",$29/month,$79/month,$19/month,$39/month,
"GiÃ¡ cá»§a gÃ³i Shopify ""Shopify"" lÃ  bao nhiÃªu?",$79/month,$59/month,$69/month,$89/month,
"GiÃ¡ cá»§a gÃ³i Shopify ""Advanced"" lÃ  bao nhiÃªu?",$229/month,$199/month,$119/month,$219/month,
"GiÃ¡ cá»§a gÃ³i Shopify ""Plus"" lÃ  bao nhiÃªu?",KhÃ´ng cá»‘ Ä‘á»‹nh,$2300/month,$5000/month,$1999/month,
Viá»‡t Nam cÃ³ bao nhiÃªu tá»‰nh thÃ nh?,63,64,54,56,
MÃºi giá» quá»‘c táº¿ cá»§a Viá»‡t Nam lÃ  gÃ¬?,UTC+7,UTC-7,GTM+4,GTM-4,
"Trong ná»n kinh táº¿ hiá»‡n Ä‘áº¡i, GDP lÃ  viáº¿t táº¯t cá»§a gÃ¬?",Gross Domestic Product,Global Development Plan,General Development Policy,Gross Development Percentage,
ÄÃ¢u khÃ´ng pháº£i lÃ  má»™t loáº¡i hÃ¬nh chÃ­nh sÃ¡ch cÃ´ng?,ChÃ­nh sÃ¡ch ngoáº¡i giao,ChÃ­nh sÃ¡ch thuáº¿,ChÃ­nh sÃ¡ch tiá»n tá»‡,ChÃ­nh sÃ¡ch giÃ¡o dá»¥c,
TÃ¡c Ä‘á»™ng nÃ o dÆ°á»›i Ä‘Ã¢y khÃ´ng pháº£i lÃ  káº¿t quáº£ cá»§a Ä‘Ã´ thá»‹ hÃ³a?,Sá»± giáº£m tá»· lá»‡ máº¥t viá»‡c lÃ m,TÄƒng máº­t Ä‘á»™ dÃ¢n sá»‘,Sá»± tÄƒng trÆ°á»Ÿng kinh táº¿,Sá»± Ä‘á»•i má»›i cÃ´ng nghá»‡,
MÃ´ hÃ¬nh bÃ¡n hÃ ng mÃ  Ä‘á»‘i tÃ¡c bÃ¡n hÃ ng sáº½ nháº­n Ä‘Æ°á»£c hoa há»“ng khi thu hÃºt ngÆ°á»i mua ghÃ© thÄƒm trang máº¡ng vÃ  trá»Ÿ thÃ nh khÃ¡ch hÃ ng cá»§a nhÃ  cung cáº¥p Ä‘Æ°á»£c gá»i lÃ ?,Affiliate,Dropship,Co-marketing,Co-selling,
"MÃ´ hÃ¬nh kinh doanh trong Ä‘Ã³ ngÆ°á»i bÃ¡n khÃ´ng pháº£i lÆ°u trá»¯ hÃ ng tá»“n kho cá»§a há». Thay vÃ o Ä‘Ã³, há» há»£p tÃ¡c vá»›i cÃ¡c nhÃ  cung cáº¥p hoáº·c nhÃ  sáº£n xuáº¥t, vÃ  khi há» nháº­n Ä‘Æ°á»£c Ä‘Æ¡n Ä‘áº·t hÃ ng tá»« khÃ¡ch hÃ ng, há» chuyá»ƒn Ä‘Æ¡n Ä‘áº·t hÃ ng Ä‘Ã³ trá»±c tiáº¿p Ä‘áº¿n nhÃ  cung cáº¥p hoáº·c nhÃ  sáº£n xuáº¥t.",Dropshipping,Retail,Wholesales,Affiliate,
CÆ¡ quan nÃ o chá»‹u trÃ¡ch nhiá»‡m quáº£n lÃ½ vÃ  báº£o vá»‡ mÃ´i trÆ°á»ng á»Ÿ cáº¥p Ä‘á»™ toÃ n cáº§u?,UNEP,UNESCO,UN,WHO,
"Trong ná»n kinh táº¿, tá»« ""inflation"" (láº¡m phÃ¡t) Ã¡m chá»‰ Ä‘iá»u gÃ¬?",Sá»± tÄƒng giÃ¡ cáº£ chung,Sá»± giáº£m tá»· lá»‡ tháº¥t nghiá»‡p,Sá»± tÄƒng giÃ¡ trá»‹ cá»§a tiá»n tá»‡,Sá»± tÄƒng trÆ°á»Ÿng kinh táº¿,
"Trong há»‡ thá»‘ng kinh táº¿ thá»‹ trÆ°á»ng, quyá»n lá»±c quyáº¿t Ä‘á»‹nh vá» viá»‡c sáº£n xuáº¥t vÃ  phÃ¢n phá»‘i hÃ ng hÃ³a vÃ  dá»‹ch vá»¥ thuá»™c vá» ai?",Thá»‹ trÆ°á»ng vÃ  cÃ¡c nhÃ  sáº£n xuáº¥t,ChÃ­nh phá»§,Doanh nghiá»‡p,NgÆ°á»i tiÃªu dÃ¹ng,
ÄÃ¢u khÃ´ng pháº£i lÃ  má»™t pháº§n cá»§a há»‡ thá»‘ng phÃ¡p luáº­t?,Truyá»n thÃ´ng,Quy Ä‘á»‹nh,Quyá»n lá»±c chÃ­nh phá»§,Luáº­t phÃ¡p,
CPU lÃ  viáº¿t táº¯t cá»§a gÃ¬ trong lÄ©nh vá»±c cÃ´ng nghá»‡?,Central Processing Unit,Computer Power Unit,Central Power Unit,Computer Processing Unit,
Há»‡ Ä‘iá»u hÃ nh nÃ o Ä‘Æ°á»£c phÃ¡t triá»ƒn bá»Ÿi Apple Inc. cho cÃ¡c thiáº¿t bá»‹ di Ä‘á»™ng cá»§a há»?,iOS,Windows,Android,Linux,
ÄÃ¢u khÃ´ng pháº£i lÃ  má»™t loáº¡i giao thá»©c máº¡ng?,TCP/IP,HTTP,HTML,FTP,
Pháº§n má»m nÃ o Ä‘Æ°á»£c sá»­ dá»¥ng Ä‘á»ƒ chá»‰nh sá»­a hÃ¬nh áº£nh sá»‘ phá»• biáº¿n nháº¥t trÃªn tháº¿ giá»›i?,Adobe Photoshop,Microsoft Word,Windows Media Player,Google Chrome,
ÄÃ¢u khÃ´ng pháº£i lÃ  má»™t loáº¡i giao thá»©c truyá»n dá»¯ liá»‡u khÃ´ng dÃ¢y?,Ethernet,Bluetooth,Wi-Fi,NFC,
TÃªn gá»i nÃ o Ä‘Æ°á»£c sá»­ dá»¥ng Ä‘á»ƒ chá»‰ cÃ¡c virus mÃ¡y tÃ­nh tá»± nhÃ¢n báº£n vÃ  lÃ¢y lan qua cÃ¡c há»‡ thá»‘ng máº¡ng?,Worm,Trojan,Spyware,Adware,
AI lÃ  viáº¿t táº¯t cá»§a gÃ¬ trong lÄ©nh vá»±c cÃ´ng nghá»‡?,Artificial Intelligence,Artificial Inheritance,Automated Integration,Advanced Intelligence,
ÄÃ¢u lÃ  tÃªn cá»§a cÃ´ng nghá»‡ chia sáº» máº¡ng khÃ´ng dÃ¢y cÃ³ tá»‘c Ä‘á»™ truyá»n dá»¯ liá»‡u cao?,Wi-Fi,Bluetooth,NFC,GPS,
Loáº¡i pháº§n má»m nÃ o Ä‘Æ°á»£c sá»­ dá»¥ng Ä‘á»ƒ báº£o vá»‡ mÃ¡y tÃ­nh khá»i cÃ¡c pháº§n má»m Ä‘á»™c háº¡i nhÆ° virus vÃ  malware?,Antivirus,Firewall,Spyware,Adware,
ÄÃ¢u lÃ  tÃªn cá»§a há»‡ Ä‘iá»u hÃ nh mÃ£ nguá»“n má»Ÿ phá»• biáº¿n Ä‘Æ°á»£c sá»­ dá»¥ng trÃªn cÃ¡c mÃ¡y tÃ­nh cÃ¡ nhÃ¢n?,Linux,Windows,macOS,iOS,
"Trong lÄ©nh vá»±c AI, thuáº­t ngá»¯ ""Machine Learning"" Ã¡m chá»‰ Ä‘iá»u gÃ¬?",Viá»‡c mÃ¡y tÃ­nh há»c há»i tá»« dá»¯ liá»‡u,Sá»± káº¿t ná»‘i giá»¯a cÃ¡c mÃ¡y tÃ­nh,Viá»‡c láº­p trÃ¬nh cÃ¡c robot tá»± Ä‘á»™ng,Viá»‡c nghiÃªn cá»©u pháº§n cá»©ng cá»§a mÃ¡y tÃ­nh,
"Trong lÄ©nh vá»±c AI, thuáº­t ngá»¯ ""Deep Learning"" liÃªn quan Ä‘áº¿n Ä‘iá»u gÃ¬?",Má»™t loáº¡i máº¡ng nÆ¡-ron nhiá»u táº§ng,Viá»‡c mÃ¡y tÃ­nh há»c tá»« kinh nghiá»‡m,Viá»‡c giáº£ láº­p mÃ´i trÆ°á»ng thá»±c táº¿,Sá»± phÃ¡t triá»ƒn cá»§a robot tá»± hÃ nh,
"Trong AI, khÃ¡i niá»‡m ""Natural Language Processing"" (NLP) liÃªn quan Ä‘áº¿n viá»‡c gÃ¬?",Xá»­ lÃ½ vÃ  hiá»ƒu ngÃ´n ngá»¯ tá»± nhiÃªn,Táº¡o ra ngÃ´n ngá»¯ nhÃ¢n táº¡o,Láº­p trÃ¬nh ngÃ´n ngá»¯ mÃ¡y tÃ­nh,PhÃ¢n tÃ­ch dá»¯ liá»‡u ngÃ´n ngá»¯,
CÃ´ng nghá»‡ nÃ o sau Ä‘Ã¢y thÆ°á»ng Ä‘Æ°á»£c sá»­ dá»¥ng Ä‘á»ƒ phÃ¡t triá»ƒn cÃ¡c há»‡ thá»‘ng AI phá»©c táº¡p nhÆ° cÃ¡c trá»£ lÃ½ áº£o thÃ´ng minh?,Machine Learning,Virtual Reality,Blockchain,Augmented Reality,
"Trong AI, thuáº­t ngá»¯ ""Neural Networks"" liÃªn quan Ä‘áº¿n Ä‘iá»u gÃ¬?",Máº¡ng nÆ¡-ron nhÃ¢n táº¡o,Má»™t loáº¡i robot tá»± hÃ nh,Má»™t loáº¡i pháº§n má»m mÃ¡y tÃ­nh,Má»™t loáº¡i mÃ¡y tÃ­nh siÃªu cao cáº¥p,
"Trong AI, khÃ¡i niá»‡m ""Computer Vision"" Ã¡m chá»‰ Ä‘iá»u gÃ¬?",Kháº£ nÄƒng cá»§a mÃ¡y tÃ­nh nháº­n diá»‡n vÃ  xá»­ lÃ½ hÃ¬nh áº£nh,Má»™t loáº¡i mÃ´ hÃ¬nh mÃ¡y tÃ­nh,Sá»± káº¿t ná»‘i cá»§a mÃ¡y tÃ­nh vá»›i máº¡ng internet,Sá»± phÃ¡t triá»ƒn cá»§a mÃ¡y tÃ­nh siÃªu cao cáº¥p,
"Trong lÄ©nh vá»±c AI, thuáº­t ngá»¯ ""Reinforcement Learning"" Ã¡m chá»‰ Ä‘iá»u gÃ¬?",Má»™t phÆ°Æ¡ng phÃ¡p há»c táº­p mÃ¡y tÃ­nh dá»±a trÃªn viá»‡c thá»­ vÃ  sai,Má»™t phÆ°Æ¡ng phÃ¡p giáº£ láº­p há»c táº­p cá»§a tráº» em,Má»™t loáº¡i máº¡ng nÆ¡-ron nhÃ¢n táº¡o,Má»™t phÆ°Æ¡ng phÃ¡p láº­p trÃ¬nh mÃ¡y tÃ­nh,
"Trong AI, thuáº­t ngá»¯ ""Algorithm"" liÃªn quan Ä‘áº¿n Ä‘iá»u gÃ¬?",Má»™t quy trÃ¬nh tá»«ng bÆ°á»›c Ä‘á»ƒ giáº£i quyáº¿t váº¥n Ä‘á»,Má»™t loáº¡i ngÃ´n ngá»¯ láº­p trÃ¬nh,Má»™t phÆ°Æ¡ng phÃ¡p há»c mÃ¡y,Má»™t loáº¡i mÃ¡y tÃ­nh,
"Trong AI, khÃ¡i niá»‡m ""General Intelligence"" Ã¡m chá»‰ Ä‘iá»u gÃ¬?","Sá»± thÃ´ng minh tá»•ng quÃ¡t, tÆ°Æ¡ng tá»± nhÆ° cá»§a con ngÆ°á»i",Sá»± phÃ¡t triá»ƒn cá»§a cÃ¡c trÃ­ tuá»‡ nhÃ¢n táº¡o Ä‘áº·c biá»‡t,Ká»¹ thuáº­t vÃ  sÃ¡ng táº¡o cá»§a mÃ¡y tÃ­nh,Ká»¹ thuáº­t vÃ  sÃ¡ng táº¡o cá»§a con ngÆ°á»i,
Báº¡n Ä‘ang á»Ÿ trong 1 phÃ²ng 0 Ä‘á»™ C. Náº¿u tÄƒng nhiá»‡t Ä‘á»™ lÃªn gáº¥p Ä‘Ã´i thÃ¬ báº¡n sáº½?,Cháº¿t chÃ¡y,Váº«n 0 Ä‘á»™ C,HÆ¡i nÃ³ng,áº¤m nháº¹ nhÆ°ng váº«n láº¡nh,
ÄÃ¢u lÃ  thÃ nh pháº§n chÃ­nh cá»§a khÃ­ quyá»ƒn TrÃ¡i Äáº¥t?,NitÆ¡,Oxy,HiÄ‘ro,Argon,
Loáº¡i nguyÃªn tá»‘ nÃ o chiáº¿m tá»· lá»‡ lá»›n nháº¥t trong cÃ¡c há»£p cháº¥t hÃ³a há»c cá»§a sinh váº­t sá»‘ng?,Carbon,Nitrogen,Hydrogen,Oxygen,
"Trong triáº¿t há»c, ""Utilitarianism"" táº­p trung vÃ o nguyÃªn táº¯c gÃ¬ Ä‘á»ƒ xÃ¡c Ä‘á»‹nh Ä‘áº¡o Ä‘á»©c vÃ  giÃ¡ trá»‹ Ä‘Ãºng sai?",Háº¡nh phÃºc tá»‘i Ä‘a cho táº­p thá»ƒ chiáº¿m Ä‘a sá»‘,TuÃ¢n thá»§ Ä‘áº¡o Ä‘á»©c vÃ  luáº­t lá»‡,Sá»± cÃ´ng báº±ng vÃ  bÃ¬nh Ä‘áº³ng,Sá»± tÃ´n trá»ng quyá»n cÃ¡ nhÃ¢n,
"Trong thÆ°Æ¡ng máº¡i Ä‘iá»‡n tá»­, thuáº­t ngá»¯ ""B2B"" Ã¡m chá»‰ gÃ¬?",Business to Business,Business to Buyer,Buyer to Buyer,Business to Banking,
"Trong thÆ°Æ¡ng máº¡i Ä‘iá»‡n tá»­, viá»‡c xÃ¢y dá»±ng danh sÃ¡ch khÃ¡ch hÃ ng cÃ³ thá»ƒ tiá»m nÄƒng Ä‘Æ°á»£c gá»i lÃ  gÃ¬?",Lead generation,Email marketing,Content marketing,Customer segmentation,
"Trong thÆ°Æ¡ng máº¡i Ä‘iá»‡n tá»­, ""CTA"" lÃ  viáº¿t táº¯t cá»§a gÃ¬?",Call to Action,Click Through Average,Click Tracking Algorithm,Customer Targeting Approach,
"Trong thÆ°Æ¡ng máº¡i Ä‘iá»‡n tá»­, thuáº­t ngá»¯ ""ARPU"" lÃ  viáº¿t táº¯t cá»§a gÃ¬?",Average Revenue Per User,Average Return Per User,Annual Rate of Product Utilization,Average Return on Paid Users,
"So vá»›i QuÃ½ 4.2023, sá»‘ lÆ°á»£t cÃ i Ä‘áº·t cá»§a OneMobile Ä‘Ã£ tÄƒng lÃªn bao nhiÃªu pháº§n trÄƒm?",18.8,19.1,17.9,19.7,
Transcy Ä‘Ã£ há»£p tÃ¡c vá»›i 3 KOL nÃ o trong QuÃ½ 1.2024?,"Cihan Erden, Seeb Ahmad, Elliott Prendy","Cihan Erden, Seeb Ahmad, Sia","Lady Gaga, Seeb Ahmad, Elliott Prendy","Cihan Erden, Miley Cyrus, Elliott Prendy",
"CÃ¢u mÃ´ táº£ ""Ná»n táº£ng phÃ¢n tÃ­ch lá»£i nhuáº­n giÃºp ngÆ°á»i bÃ¡n hÃ ng trÃªn Shopify nhÃ¬n tháº¥y bá»©c tranh tá»•ng thá»ƒ hoÃ n chá»‰nh, táº­p trung trá»±c tiáº¿p vÃ o sá»‘ liá»‡u cuá»‘i cÃ¹ng: Net Profit.""  thuá»™c vá» sáº£n pháº©m nÃ o",TrueProfit,OneSection,OneUpSell,OmniSell,
"ÄÃ¢u lÃ  giáº£i phÃ¡p toÃ n diá»‡n giÃºp cho cÃ¡c dropshipper cÃ³ thá»ƒ tÃ¬m kiáº¿m sáº£n pháº©m tiá»m nÄƒng tá»« AliExpress vÃ  Temu, nháº­p sáº£n pháº©m muá»‘n bÃ¡n vÃ o cá»­a hÃ ng vÃ  xá»­ lÃ½ cÃ¡c Ä‘Æ¡n hÃ ng hoÃ n toÃ n tá»± Ä‘á»™ng.",Zopi,Swift,OneLoyalty,Socialwidget,
ÄÃ¢u lÃ  sáº£n pháº©m Ä‘Ã£ táº¡o nÃªn giáº£i phÃ¡p giÃºp cÃ¡c nhÃ  bÃ¡n hÃ ng táº¡o á»©ng dá»¥ng cá»­a hÃ ng trá»±c tuyáº¿n trÃªn Google Play vÃ  App Store,OneMobile,OneLoyalty,FeedHub,OneSection,
"Giáº£i thÆ°á»Ÿng ""Sáº£n pháº©m cá»§a nÄƒm 2023"" Ä‘Ã£ thuá»™c vá» sáº£n pháº©m nÃ o?",Zopi,ManySales,OneMobile,TrueProfit,
"""Sáº£n pháº©m sÃ¡ng táº¡o 2023"" Ä‘Ã£ thuá»™c vá» sáº£n pháº©m nÃ o?",OneMobile,Swift,AliReviews,Zopi,
NÄƒm 2017 Ä‘Ã¡nh dáº¥u cá»™t má»‘c ra Ä‘á»i cá»§a giáº£i phÃ¡p nÃ o dÆ°á»›i Ä‘Ã¢y?,AliReviews,"TrueProfit, Socialshop","Socialshop, AliOrders",AliOrders,
"Sáº£n pháº©m nÃ o Ä‘Ã£ Ä‘oáº¡t giáº£i ""Sáº£n pháº©m triá»ƒn vá»ng 2023""?",TrueProfit,OneMobile,AliReviews,Zopi,
"3 sáº£n pháº©m Ä‘oáº¡t giáº£i ""Sáº£n pháº©m triá»‡u Ä‘Ã´ 2023"" lÃ ?","AliReviews, Zopi, Transcy","AliReviews, OneMobile, Transcy","Zopi, Transcy, TrueProfit","Zopi, Alireviews, TrueProfit",
Giáº£i phÃ¡p nÃ o lÃ  giáº£i phÃ¡p lÃ¢u Ä‘á»i nháº¥t táº¡i FireGroup?,AliReviews,Transcy,TrueProfit,AliOrders,
"3 giáº£i phÃ¡p nÃ o Ä‘Ã£ nháº­n Ä‘Æ°á»£c ""Hot Bonus""  vÃ o QuÃ½ 3.2023 ?","TrueProfit, Ali Orders (Zopi), OneMobile","TrueProfit, AliReviews, OneMobile","Transcy, AliReviews, TrueProfit","OneMobile, AliReviews, Ali Orders (Zopi)",
"Trong QuÃ½ 1.2024, Socialwidget cÃ³ gross revenue trong khoáº£ng?",$35.000-$37.000,$37.000-$39.000,$33.000-$35.000,$30.000-$33.000,
"Trong QuÃ½ 1.2024, FeedHud cÃ³ gross revenue trong khoáº£ng?",$79.000-$81.000,$81.000-$83.000,$83.000-$85.000,$85.000-$87.000,
"Trong QuÃ½ 1.2024, TrueProfit cÃ³ gross revenue trong khoáº£ng?",$279.000-$280.000,$277.000-$278.000,$275.000-$276.000,$276.000-$277.000,
"Trong QuÃ½ 1.2024, AliReviews cÃ³ gross revenue trong khoáº£ng?",$382.000-$383.000,$384.000-$385.000,$385.000-$386.000,$386.000-$387.000,
"Trong QuÃ½ 1.2024, Zopi cÃ³ gross revenue trong khoáº£ng?",$492.000-$494.000,$495.000-$497.000,$497.000-$499.000,$490.000-$492.000,
"MÃ´ táº£ sau Ä‘Ã¢y dÃ nh cho sáº£n pháº©m nÃ o?
""Dá»… dÃ ng cáº£i thiá»‡n SEO vÃ  tá»‘c Ä‘á»™ trang web. Website xáº¿p háº¡ng cao hÆ¡n vÃ  táº£i nhanh hÆ¡n sáº½ chuyá»ƒn Ä‘á»•i tá»‘t hÆ¡n.""",Swift,OneLoyalty,Socialwidget,OneSection,
"Äiá»n vÃ o chá»— trá»‘ng theo thá»© tá»± cÃ¡c tá»« cÃ²n thiáº¿u trong bá»©c thÆ° cá»§a Ã´ng giÃ  Noel Khoa gá»­i cho toÃ n cÃ´ng ty nÄƒm 2023: 
+ Äáº¡t ........... má»¥c tiÃªu OKR kinh doanh cÃ´ng ty theo má»©c ............, chÃºng ta sáº½ Ä‘Æ°á»£c Ä‘i ........... 
+ Äáº¡t ............ má»¥c tiÃªu OKR kinh doanh cÃ´ng ty theo má»©c ............, chÃºng ta sáº½ cÃ¹ng nhau khÃ¡m phÃ¡ mÃ¹a thu ........... ","80%, Challenge, ThÃ¡i Lan

100%, Challenge, HÃ n Quá»‘c","80%, Commit, ThÃ¡i Lan

100%, Commit, HÃ n Quá»‘c","80%, Commit, ThÃ¡i Lan

100%, Commit, Nháº­t Báº£n","80%, Commit, ThÃ¡i Lan

100%, Challenge, PhÃº Quá»‘c",
"TÃ­nh tá»›i thá»i Ä‘iá»ƒm hiá»‡n táº¡i, CLB Ä‘Ã¡ bÃ³ng Ä‘ang tham gia vÃ o giáº£i Ä‘áº¥u nÃ o?",VINASA,ICT ,IT VIEC,APEA VIETNAM,
"CÃ¡c háº¡ng má»¥c giáº£i thÆ°á»Ÿng FireGroup Ä‘Ã£ Ä‘áº¡t Ä‘Æ°á»£c táº¡i ""TOP 10 DOANH NGHIá»†P CÃ”NG NGHá»† Sá» XUáº¤T Sáº®C VIá»†T NAM 2023"" lÃ ? ","ğŸ† TOP 10 Doanh nghiá»‡p Cung cáº¥p giáº£i phÃ¡p háº­u cáº§n vÃ  thÆ°Æ¡ng máº¡i Ä‘iá»‡n tá»­
ğŸ† TOP 10 Doanh nghiá»‡p TÄƒng trÆ°á»Ÿng áº¥n tÆ°á»£ng","ğŸ† TOP 10 Doanh nghiá»‡p Cung cáº¥p giáº£i phÃ¡p nhanh vÃ  thÃ´ng minh
ğŸ† TOP 10 Doanh nghiá»‡p TÄƒng trÆ°á»Ÿng áº¥n tÆ°á»£ng","ğŸ† TOP 10 Doanh nghiá»‡p Cung cáº¥p giáº£i phÃ¡p háº­u cáº§n vÃ  thÆ°Æ¡ng máº¡i Ä‘iá»‡n tá»­
ğŸ† TOP 10 Doanh nghiá»‡p TÄƒng trÆ°á»Ÿng bá»n vá»¯ng","ğŸ† TOP 10 Doanh nghiá»‡p Cung cáº¥p giáº£i phÃ¡p thÆ°Æ¡ng máº¡i Ä‘iá»‡n tá»­ tiá»‡n Ã­ch
ğŸ† TOP 10 Doanh nghiá»‡p TÄƒng trÆ°á»Ÿng áº¥n tÆ°á»£ng",
"Trong QuÃ½ 4.2023 vá»«a qua, FireGroup Ä‘Ã£ Ä‘áº¡t Ä‘Æ°á»£c tá»•ng cá»™ng bao nhiÃªu giáº£i thÆ°á»Ÿng?",3,4,5,2,
Giáº£i thÆ°á»Ÿng Asia Pacific Enterprise Awards (APEA) vinh danh FireGroup á»Ÿ háº¡ng má»¥c nÃ o?,Fast Enterprise,Smart Enterprise,Inspirational Brand Award,Corporate Excellence Award,
FireGroup dÃ£ Ä‘áº¡t giáº£i thÆ°á»Ÿng nÃ o trong quÃ½ 1.2024,Top15 Best IT Companies VN,Top 10 Digital Technology ,Fast Enterprise Asia,Táº¥t cáº£ Ä‘á»u sai,
"ÄÃ¢u lÃ  ""Mission"" cá»§a FireGroup",Our mission is to empower merchants to succeed with e-Commerce using our proven technology solutions.,An e-Commerce world in which every merchant can succeed.,"We Celebrate
Growth Mindsets
Wholeheartedly",We Envision And Build An E-Commerce World Where Every Merchant Can Succeed,
ÄÃ¢u lÃ  nhá»¯ng Ä‘á»‘i tÃ¡c cá»§a FireGroup?,Táº¥t cáº£ Ä‘á»u Ä‘Ãºng,Tiktok,Google,Meta,
"TÃ­nh tá»›i háº¿t Q.12024, vÄƒn phÃ²ng ÄÃ  Náºµng cÃ³ bao nhiÃªu thÃ nh viÃªn lÃ m viá»‡c fulltime?",15,14,18,17,
FireGroup cÃ³ tá»•ng cá»™ng bao nhiÃªu Division?,6,5,4,7,
"Ai lÃ  tÃ¡c giáº£ cá»§a bÃ i blog #WeShare Ä‘áº§u tiÃªn ""Optimize PageSpeed to Enhance User Experience"" trÃªn LinkedIn FireGroup? ",Nguyá»…n Quá»‘c VÆ°Æ¡ng,Pháº¡m Nháº¥t VÆ°Æ¡ng,Nguyá»…n VÄƒn Äáº¡o,VÃµ Sá»¹ Äáº¡o,
Firer VÃµ Sá»¹ Äáº¡o Ä‘Ã£ Ä‘Ã³ng gÃ³p bÃ i blog gÃ¬ trong chuyÃªn má»¥c #WeShare cá»§a FireGroup?,Shopify Webhooks: Strategies for Optimal Performance in App Development,Unlocking Generative AI To Solve Software Development Problems,Optimize PageSpeed to Enhance User Experience,ScyllaDB - Exploring Distributed Database Solution,
"Trong cÃ¢u ""Sorry, can't talk ATM""
Cá»¥m tá»« ""ATM"" viáº¿t táº¯t cho chá»¯ gÃ¬",At the moment,Automated teller machine,At the meaning,at the month,
"Táº¡i Grammy 2024, hai giáº£i thÆ°á»Ÿng MÃ n trÃ¬nh diá»…n solo nháº¡c pop xuáº¥t sáº¯c nháº¥t vÃ  Báº£n ghi Ã¢m cá»§a nÄƒm Ä‘Ã£ thuá»™c vá» ca sÄ© nÃ o",Miley Cyrus,Taylor Swift,Adele,Billie Eilish,
"Má»™t cá»™t xÆ°Æ¡ng sá»‘ng, má»™t Ä‘á»‘ng xÆ°Æ¡ng sÆ°á»n lÃ  cÃ¡i gÃ¬?",CÃ¡i lÆ°á»£c,BÃ n phÃ­m,BÃ¬nh nÆ°á»›c,CÃ¢y viáº¿t,
"CÃ¡i gÃ¬ cÃ³ Ä‘áº§u, cÃ³ chÃ¢n nhÆ°ng khÃ´ng cÃ³ thÃ¢n?",CÃ¢y Ä‘inh,CÃ¢y kÃ©o,CÃ¢y cá»‘i,CÃ¢y bÃºa,
Hai Frontend framework phá»• biáº¿n trong cÃ¡c sáº£n pháº©m cá»§a FireGroup lÃ ?,"Vue, ReactJs","Vue, Laravel","Laravel, ReactJS",PHP vÃ  Golang,